ALLINEUC,22001,mairieallineuc@wanadoo.fr
ANDEL,22002,mairie.andel@wanadoo.fr
AUCALEUC,22003,mairie.aucaleuc-22@wanadoo.fr
BEGARD,22004,mairie-begard@wanadoo.fr
BELLE-ISLE-EN-TERRE,22005,mairiedebellisle@wanadoo.fr
BERHET,22006,mairie.berhet@wanadoo.fr
BINIC,22007,ville.binic@wanadoo.fr
BOBITAL,22008,mairiedebobital@wanadoo.fr
BOQUEHO,22011,mairie-de-boqueho@wanadoo.fr
BOURBRIAC,22013,mairie.bourbriac@wanadoo.fr
BOURSEUL,22014,mairiebourseul@wanadoo.fr
BREHAND,22015,mairie.brehand@wanadoo.fr
BRELIDY,22018,mairie.de.brelidy@orange.fr
BRINGOLO,22019,communedebringolo@wanadoo.fr
BROONS,22020,mairiebroons22@wanadoo.fr
BRUSVILY,22021,mairie-brusvily@wanadoo.fr
BULAT-PESTIVIEN,22023,mairie.bulatpestivien@wanadoo.fr
CALANHEL,22024,mairiedecalanhel@gmail.com
CALLAC-DE-BRETAGNE,22025,commune@mairie-callac.fr
CALORGUEN,22026,mairie.calorguen@wanadoo.fr
CAMLEZ,22028,mairie.camlez@wanadoo.fr
CANIHUEL,22029,mairie.canihuel@wanadoo.fr
CAOUENNEC-LANVEZEAC,22030,mairie.caouennec-lanvezeac@wanadoo.fr
CARNOET,22031,mairie.carnoet@wanadoo.fr
CAULNES,22032,mairie.caulnes@wanadoo.fr
CAUREL,22033,mairie-caurel@orange.fr
CAVAN,22034,mairie.cavan@wanadoo.fr
CHATELAUDREN,22038,mairiechatelaudren@wanadoo.fr
COADOUT,22040,mairie.coadout@orange.fr
COATASCORN,22041,mairie.coatascorn@wanadoo.fr
COATREVEN,22042,mairie.coatreven@wanadoo.fr
COETLOGON,22043,mairie.coetlogon@orange.fr
COETMIEUX,22044,mairie.coetmieux@wanadoo.fr
COHINIAC,22045,mairie.cohiniac@wanadoo.fr
COLLINEE,22046,mairie.collinee@wanadoo.fr
CORLAY,22047,commune.corlay@wanadoo.fr
CORSEUL,22048,mairie.corseul@wanadoo.fr
CREHEN,22049,mairie-de-crehen@wanadoo.fr
DINAN,22050,mairie@dinan.fr
DOLO,22051,commune.dolo@wanadoo.fr
DUAULT,22052,mairie.duault@wanadoo.fr
EREAC,22053,mairie.ereac@wanadoo.fr
ERQUY,22054,info@ville-erquy.com
ETABLES-SUR-MER,22055,mairie.etablesurmer@wanadoo.fr
EVRAN,22056,commune.evran@wanadoo.fr
FREHEL,22179,mairie.frehel@wanadoo.fr
GAUSSON,22060,mairie.gausson@orange.fr
GLOMEL,22061,communeglomel@wanadoo.fr
GOMENE,22062,mairiegomene@orange.fr
GOMMENEC'H,22063,mairie.gommenech@wanadoo.fr
GOUAREC,22064,mairie.gouarec@wanadoo.fr
GOUDELIN,22065,commune.goudelin@wanadoo.fr
GRACES,22067,mairie.de.graces@wanadoo.fr
GRACE-UZEL,22068,mairiedegrace-uzel@wanadoo.fr
GUENROC,22069,mairie.guenroc@wanadoo.fr
GUINGAMP,22070,mairie@ville-guingamp.com
GUITTE,22071,mairie.guitte@wanadoo.fr
GURUNHUEL,22072,mairiegurunhuel@wanadoo.fr
HEMONSTOIR,22075,mairie.hemonstoir@wanadoo.fr
HENANBIHEN,22076,mairie.henanbihen@wanadoo.fr
HENANSAL,22077,commune.henansal@wanadoo.fr
HENGOAT,22078,mairie.hengoat@wanadoo.fr
HENON,22079,mairie.henon@pays-moncontour.com
HILLION,22081,contact@mairie-hillion.fr
ILE-DE-BREHAT,22016,mairie-ile.de.brehat@wanadoo.fr
ILLIFAUT,22083,commune.illifaut@wanadoo.fr
JUGON-LES-LACS,22084,mairiedejugonleslacs@fr.oleane.com
KERBORS,22085,mairie.kerbors@wanadoo.fr
KERFOT,22086,mairie.kerfot@wanadoo.fr
KERGRIST-MOELOU,22087,mairie-de-kergrist-moelou@wanadoo.fr
KERIEN,22088,mairie.kerien@wanadoo.fr
KERMARIA-SULARD,22090,mairie.kermariasulard@wanadoo.fr
KERMOROC'H,22091,mairie.kermoroch@wanadoo.fr
KERPERT,22092,mairie-kerpert@wanadoo.fr
LA-BOUILLIE,22012,mairie.labouillie@wanadoo.fr
LA-CHAPELLE-BLANCHE,22036,mairie-de-la-chapelle-blanche@wanadoo.fr
LA-CHAPELLE-NEUVE,22037,mairie.lachapelleneuve@wanadoo.fr
LA-CHEZE,22039,contact@mairie-lacheze.fr
LA-FERRIERE,22058,mairie.laferriere@wanadoo.fr
LA-HARMOYE,22073,mairie.laharmoye@wanadoo.fr
LA-LANDEC,22097,mairielalandec@orange.fr
LA-MALHOURE,22140,mairie.la.malhoure@wanadoo.fr
LAMBALLE,22093,contact@mairie-lamballe.fr
LA-MEAUGON,22144,lameaugon@wanadoo.fr
LA-MOTTE,22155,mairielamotte@wanadoo.fr
LANCIEUX,22094,mairie.lancieux@wanadoo.fr
LANDEBAERON,22095,mairie.landebaeron@wanadoo.fr
LANDEBIA,22096,mairie-landebia@wanadoo.fr
LANDEHEN,22098,mairiedelandehen@wanadoo.fr
LANFAINS,22099,mairie.lanfains@wanadoo.fr
LANGAST,22100,mairie.langast@pays-moncontour.com
LANGOAT,22101,mairie.langoat@wanadoo.fr
LANGOURLA,22102,commune.langourla@wanadoo.fr
LANGROLAY-SUR-RANCE,22103,mairie.langrolay@wanadoo.fr
LANGUEDIAS,22104,languedias@wanadoo.fr
LANGUENAN,22105,mairielang@orange.fr
LANGUEUX,22106,info@mairie-langueux.fr
LANISCAT,22107,mairiedelaniscat@wanadoo.fr
LANLEFF,22108,mairie-lanleff@wanadoo.fr
LANLOUP,22109,mairie.lanloup@orange.fr
LANMERIN,22110,lanmerin.mairie@wanadoo.fr
LANMODEZ,22111,mairie-lanmodez@wanadoo.fr
LANNEBERT,22112,mairie.lannebert@wanadoo.fr
LANNION,22113,contact.mairie@ville-lanion.fr
LANRELAS,22114,mairie.lanrelas@wanadoo.fr
LANRIVAIN,22115,mairie.lanrivain@wanadoo.fr
LANRODEC,22116,commune-lanrodec@orange.fr
LANTIC,22117,lantic22@wanadoo.fr
LANVALLAY,22118,contact@mairie-lanvallay.com
LANVELLEC,22119,mairie-lanvellec@wanadoo.fr
LANVOLLON,22121,commune.lanvollon@wanadoo.fr
LA-PRENESSAYE,22255,mairie.laprenessaye@wanadoo.fr
LA-ROCHE-DERRIEN,22264,la.roche-derrien@wanadoo.fr
LAURENAN,22122,mairie.laurenan@wanadoo.fr
LA-VICOMTE-SUR-RANCE,22385,mairielavicomte@wanadoo.fr
LE-BODEO,22009,mairie.lebodeo@wanadoo.fr
LE-CAMBOUT,22027,mairie.lecambout@wanadoo.fr
LE-FAOUET,22057,mairie.lefaouet.22@wanadoo.fr
LE-FOEIL,22059,mairie.lefoeil@wanadoo.fr
LE-GOURAY,22066,legouray@wanadoo.fr
LE-HAUT-CORLAY,22074,lehautcorlay.mairie@wanadoo.fr
LE-HINGLE,22082,mairie.le-hingle@wanadoo.fr
LEHON,22123,accueil@mairie-lehon.fr
LE-LESLAY,22126,mairie.leleslay@orange.fr
LE-MERZER,22150,mairie.le-merzer@wanadoo.fr
LE-MOUSTOIR,22157,mairie-de-le-moustoir@wanadoo.fr
LE-QUILLIO,22260,mairielequillio@orange.fr
LE-QUIOU,22263,mairie.lequiou22@orange.fr
LES-CHAMPS-GERAUX,22035,mairie.ch.geraux@wanadoo.fr
LESCOUET-GOUAREC,22124,mairie.l.g@wanadoo.fr
LE-VIEUX-BOURG,22386,mairie.vieuxbourg@wanadoo.fr
LE-VIEUX-MARCHE,22387,mairie.vieuxmarche@wanadoo.fr
LEZARDRIEUX,22127,mairie.lezardrieux@wanadoo.fr
L'HERMITAGE-L'ORGE,22080,mairie.lhermitage22@wanadoo.fr
LOCARN,22128,mairie.locarn@wanadoo.fr
LOC-ENVEL,22129,mairiedelocenvel@orange.fr
LOGUIVY-PLOUGRAS,22131,mairieloguivyplougras@wanadoo.fr
LOHUEC,22132,commune-lohuec@wanadoo.fr
LOSCOUET-SUR-MEU,22133,mairieloscouetsurmeu@wanadoo.fr
LOUANNEC,22134,mairie-louannec@wanadoo.fr
LOUARGAT,22135,mairie-de-louargat@wanadoo.fr
LOUDEAC,22136,i.jouy@ville-loudeac.fr
MAEL-CARHAIX,22137,mairie.mael-carhaix@wanadoo.fr
MAEL-PESTIVIEN,22138,mairiemaelpestivien@wanadoo.fr
MAGOAR,22139,mairie.magoar@wanadoo.fr
MANTALLOT,22141,mantallot.mairie@wanadoo.fr
MATIGNON,22143,mairie.matignon@wanadoo.fr
MEGRIT,22145,cybercommune.megrit@wanadoo.fr
MELLIONNEC,22146,mellionnec@wanadoo.fr
MERDRIGNAC,22147,mairie.merdrignac@wanadoo.fr
MERILLAC,22148,mairie-de-merillac@wanadoo.fr
MERLEAC,22149,mairie.merleac@wanadoo.fr
MESLIN,22151,mairie.meslin@orange.fr
MINIHY-TREGUIER,22152,commune-de-minihy@wanadoo.fr
MONCONTOUR,22153,mairie.moncontour@pays-moncontour.com
MORIEUX,22154,mairie.morieux@wanadoo.fr
MOUSTERU,22156,mousteru@wanadoo.fr
MUR-DE-BRETAGNE,22158,mairiemur-de-bretagne@wanadoo.fr
NOYAL,22160,noyal.mairie@wanadoo.fr
PABU,22161,mairie-pabu@wanadoo.fr
PAIMPOL,22162,contact@ville-paimpol.fr
PAULE,22163,mairie.paule@wanadoo.fr
PEDERNEC,22164,mairiepedernec@wanadoo.fr
PENGUILY,22165,mairie.penguily@wanadoo.fr
PENVENAN,22166,mairie@ville-penvenan.fr
PERRET,22167,mairie.perret@wanadoo.fr
PERROS-GUIREC,22168,mairie@perros-guirec.com
PEUMERIT-QUINTIN,22169,mairie.peumerit-quintin@orange.fr
PLAINE-HAUTE,22170,mairie.plaine-haute@wanadoo.fr
PLAINTEL,22171,mairie@mairie-plaintel.fr
PLANCOET,22172,mairie-plancoet@wanadoo.fr
PLANGUENOUAL,22173,mairie.planguenoual@wanadoo.fr
PLÉBOULLE,22174,mairie-de-pleboulle@wanadoo.fr
PLEDELIAC,22175,mairie-pledeliac@wanadoo.fr
PLEDRAN,22176,mairie@ville-pledran.fr
PLEGUIEN,22177,mairie-pleguien@wanadoo.fr
PLEHEDEL,22178,mairie.plehedel@wanadoo.fr
PLELAN-LE-PETIT,22180,mairie.plelanlepetit@wanadoo.fr
PLELAUFF,22181,mairie.plelauff@wanadoo.fr
PLELO,22182,mairie.plelo@wanadoo.fr
PLEMET,22183,commune.plemet@wanadoo.fr
PLEMY,22184,mairie.plemy@pays-moncontour.com
PLENEE-JUGON,22185,ville.plenee.jugon@wanadoo.fr
PLENEUF-VAL-ANDRE,22186,ville.pva@pleneuf-val-andre.fr
PLERIN,22187,contact@ville-plerin.fr
PLERNEUF,22188,mairie.plerneuf@wanadoo.fr
ARGOL,29001,mairie.argol@orange.fr
ARZANO,29002,mairie.arzano@wanadoo.fr
AUDIERNE,29003,mairie-audierne@wanadoo.fr
BANNALEC,29004,mairie@bannalec.fr
BAYE,29005,mairiebaye@wanadoo.fr
BENODET,29006,mairie@benodet.fr
BERRIEN,29007,mairie.berrien@wanadoo.fr
BEUZEC-CAP-SIZUN,29008,beuzec-cap-sizun@wanadoo.fr
BODILIS,29010,bodilis.commune@wanadoo.fr
BOHARS,29011,mairie.bohars@wanadoo.fr
BOLAZEC,29012,mairie.bolazec@wanadoo.fr
BOTMEUR,29013,mairie.botmeur@wanadoo.fr
BOTSORHEL,29014,mairie.botsorhel@wanadoo.fr
BOURG-BLANC,29015,mairie.bourgblanc@wanadoo.fr
BRASPARTS,29016,mairie.brasparts@wanadoo.fr
BRELES,29017,breles.mairie@wanadoo.fr
BRENNILIS,29018,mairiebrennilis@wanadoo.fr
BREST,2919,contact@mairie-brest.fr
BRIEC,29020,mairie.briec@wanadoo.fr
BRIGNOGAN-PLAGE,29021,mairie.brignogan-plages@wanadoo.fr
CAMARET-SUR-MER,29022,Camaret@wanadoo.fr
CARANTEC,29023,carantec-mairie@wanadoo.fr
CARHAIX-PLOUGUER,29024,communication@ville-carhaix.com
CAST,29025,mairie.de.cast@wanadoo.fr
CHATEAULIN,29026,mairie@chateaulin.fr
CHATEAUNEUF-DU-FAOU,29027,mairie@chateauneuf-du-faou.com
CLEDEN-CAP-SIZUN,29028,mairie.cleden-cap-sizun@wanadoo.fr
CLEDEN-POHER,29029,MAIRIE-CLEDEN-POHER@wanadoo.fr
CLEDER,29030,mairie@ville-cleder.fr
CLOHARS-CARNOET,29031,mairie@cloharscarnoet.com
CLOHARS-FOUESNANT,29032,mairie-de-clohars-fouesnant@wanadoo.fr
COAT-MEAL,29035,mairie.coat-meal@wanadoo.fr
COLLOREC,29036,mairie.collorec@wanadoo.fr
COMBRIT,29037,mairiecombrit@wanadoo.fr
COMMANA,29038,Mairie.Commana@wanadoo.fr
CONCARNEAU,29039,contact@concarneau.fr
CONFORT-MEILARS,29145,confortmeilars@wanadoo.fr
CORAY,29041,mairie-coray@wanadoo.fr
CROZON,29042,mairie@crozon.com
DAOULAS,29043,info@daoulas.com
DINEAULT,29044,mairie-dineault@wanadoo.fr
DIRINON,29045,mairie-dirinon@wanadoo.fr
DOUARNENEZ,29046,contact@mairie-douarnenez.fr
EDERN,29048,mairie.edern@wanadoo.fr
ELLIANT,29049,mairie.elliant@fr.oleane.com
ERGUE-GABERIC,29051,mairie@ergue-gaberic.fr
ESQUIBIEN,29052,mairie.esquibien@wanadoo.fr
FOUESNANT,29058,contact@ville-fouesnant.fr
GARLAN,29059,garlan.mairie@wanadoo.fr
GOUESNACH,29060,mairie.gouesnach@wanadoo.fr
GOUESNOU,29061,accueil@mairie-gouesnou.fr
GOUEZEC,29062,mairie.gouezec@wanadoo.fr
GOULIEN,29063,goulien.mairie@wanadoo.fr
GOULVEN,29064,mairie.goulven@wanadoo.fr
GOURLIZON,29065,Gourlizon.Mairie@wanadoo.fr
GUENGAT,29066,mairie-guengat@wanadoo.fr
GUERLESQUIN,29067,guerlesquin@wanadoo.fr
GUICLAN,29068,communedeguiclan@wanadoo.fr
GUILERS,29069,contact@mairie-guilers.fr.
GUILER-SUR-GOYEN,29070,ville@mairie-guilers.fr
GUILLIGOMARC'H,29071,mairie.guilligomarch@wanadoo.fr
GUIMAEC,29073,guimaec.mairie@wanadoo.fr
GUIMILIAU,29074,mairie.guimiliau@wanadoo.fr
GUIPAVAS,29075,mairie.guipavas@wanadoo.fr
GUIPRONVEL,29076,Guipronvel.Mairie@wanadoo.fr
GUISSENY,29077,mairieguisseny@wanadoo.fr
HANVEC,29078,mairie.hanvec@wanadoo.fr
HENVIC,29079,commune-henvic@wanadoo.fr
HOPITAL-CAMFROUT,29080,mairie.lhopital-camfrout@wanadoo.fr
HUELGOAT,29081,mairie.huelgoat@wanadoo.fr
ILE-DE-BATZ,29082,mairie.iledebatz@orange.fr
ILE-DE-SEIN,29083,mairie.ile.de.sein@orange.fr
ILE-MOLENE,29084,mairie.ile.molene@wanadoo.fr
ILE-TUDY,29085,mairie.iletudy@wanadoo.fr
IRVILLAC,29086,info@irvillac.fr
KERGLOFF,29089,mairie@kergloff.fr
KERLAZ,29090,mairie.kerlaz@wanadoo.fr
KERLOUAN,29091,mairie.kerlouan@wanadoo.fr
KERNILIS,29093,mairie.kernilis@wanadoo.fr
KERNOUES,29094,mairie.kernoues@wanadoo.fr
KERSAINT-PLABENNEC,29095,Mairie.Kersaint@wanadoo.fr
LA-FEUILLEE,29054,mairielafeuillee@wanadoo.fr
LA-FOREST-LANDERNEAU,29056,mairie@la-forest-landerneau.fr
LA-FORET-FOUESNANT,29057,accueil@foret-fouesnant.org
LA-MARTYRE,29144,mairie@lamartyre.fr
LAMPAUL-GUIMILIAU,29097,mairie.lampaul.guimiliau@wanadoo.fr
LAMPAUL-PLOUARZEL,29098,accueil.lampaul-plouarzel@orange.fr
LAMPAUL-PLOUDALMEZEAU,29099,lampaul-ploudalmezeau.mairie@wanadoo.fr
LANARVILY,29100,mairie.lanarvily@wanadoo.fr
LANDEDA,29101,landeda@wanadoo.fr
LANDELEAU,29102,commune-de-landeleau@wanadoo.fr
LANDERNEAU,29103,ti-ker-landerne@mairie-landerneau.fr
LANDEVENNEC,29104,mairie.landevennec@wanadoo.fr
LANDIVISIAU,29105,landivisiau@ville-landivisiau.fr
LANDREVARZEC,29106,mairie-landrevarzec@wanadoo.fr
LANDUDAL,29107,mairie-landudal@wanadoo.fr
LANDUDEC,29108,mairie.landudec@wanadoo.fr
LANDUNVEZ,29109,Landunvez.Mairie@wanadoo.fr
LANGOLEN,29110,mairie.langolen@wanadoo.fr
LANHOUARNEAU,29111,COMMUNE.LANHOUARNEAU@wanadoo.fr
LANILDUT,29112,lanildut.mairie@wanadoo.fr
LANMEUR,29113,lanmeur-mairie@wanadoo.fr
LANNEANOU,29114,lanneanou-mairie@wanadoo.fr
LANNEDERN,29115,mairie.lannedern@wanadoo.fr
LANNEUFFRET,29116,lanneuffret-mairie@orange.fr
LANNILIS,29117,mairie.lannilis.m@wanadoo.fr
LANRIVOARE,29119,lanrivoare.mairie@wanadoo.fr
LANVEOC,29120,mairie@lanveoc.com
LA-ROCHE-MAURICE,29237,la.roche.maurice@wanadoo.fr
LAZ,29122,mairie.laz@wanadoo.fr
LE-CLOITRE-PLEYBEN,29033,MAIRIE-CLOITRE-PLEYBEN@wanadoo.fr
LE-CLOITRE-SAINT-THEGONNEC,29034,lecloitrestthegonnec@wanadoo.fr
LE-CONQUET,29040,mairie@leconquet.fr
LE-DRENNEC,29047,mairie.le-drennec@wanadoo.fr
LE-FAOU,29053,accueil@mairielefaou.fr
LE-FOLGOET,29055,mairie.le-folgoet@wanadoo.fr
LE-GUILVINEC,29072,mairie@leguilvinec.com
LE-JUCH,29087,mairie.le-juch@wanadoo.fr
LENNON,29123,MAIRIE-DE-LENNON@wanadoo.fr
LE-PONTHOU,29219,leponthou-mairie@wanadoo.fr
LE-RELECQ-KERHUON,29235,secretariat.maire@mairie-relecq-kerhuon.fr
LESNEVEN,29124,mairie.lesneven@wanadoo.fr
LE-TREHOU,29294,mairie.letrehou@wanadoo.fr
LE-TREVOUX,29300,mairie.le.trevoux@wanadoo.fr
LEUHAN,29125,mairie.leuhan@wanadoo.fr
LOC-BREVALAIRE,29126,MAIRIE.LOC.BREVALAIRE@wanadoo.fr
LOC-EGUINER,29128,mairie.loc-eguiner@wanadoo.fr
LOC-EGUINER-SAINT-THEGONNEC,29127,mairie.loc-eguiner-st-thego@wanadoo.fr
LOCMARIA-BERRIEN,29129,mairie.locmaria-berrien@wanadoo.fr
LOCMARIA-PLOUZANE,29130,mairie@locmaria-plouzane.fr
LOCMELAR,29131,mairie.locmelar@wanadoo.fr
LOCQUENOLE,29132,locquenole.mairie@wanadoo.fr
LOCQUIREC,29133,locquirec-mairie@wanadoo.fr
LOCRONAN,29134,mairiedelocronan@wanadoo.fr
LOCTUDY,29135,mairie.loctudy@wanadoo.fr
LOCUNOLE,29136,locunole.mairie11@wanadoo.fr
LOGONNA-DAOULAS,29137,mairie.logonnadaoulas@wanadoo.fr
LOPEREC,29139,commune-de-loperec@wanadoo.fr
LOPERHET,29140,mairie@loperhet.fr
LOQUEFFRET,29141,mairie.loqueffret@wanadoo.fr
LOTHEY,29142,mairie.de.lothey@wanadoo.fr
MAHALON,29143,mahalon.commune@wanadoo.fr
MELGVEN,29146,mairie-melgven@wanadoo.fr
MELLAC,29147,mairie.mellac@wanadoo.fr
ALLAIRE,56001,allaire.mairie@wanadoo.fr
AMBON,56002,mairie-ambon@wanadoo.fr
ARRADON,56003,mairie.maire@arradon.com
ARZAL,56004,mairie-arzal@wanadoo.fr
ARZON,56005,mairie@arzon.fr
AUGAN,56006,mairie.augan@wanadoo.fr
AURAY,56007,courrier.mairie@ville-auray.fr
BADEN,56008,mairie@baden.fr
BANGOR,56009,mairie.bangor@wanadoo.fr
BAUD,56010,""
BEGANNE,56011,mairie.beganne@wanadoo.fr
BEIGNON,56012,mairie.beignon@wanadoo.fr
BELZ,56013,contact@ria-etel.com
BERNE,56014,mairie.berne@wanadoo.fr
BERRIC,56015,mairie.berric@wanadoo.fr
BIEUZY,56016,bieuzy2@wanadoo.fr
BIGNAN,56017,mairie-de-bignan@wanadoo.fr
BILLIERS,56018,mairiedebilliers@wanadoo.fr
BILLIO,56019,mairie.billio@wanadoo.fr
BOHAL,56020,mairie.bohal@wanadoo.fr
BRANDERION,56021,mairie-de-branderion@wanadoo.fr
BRANDIVY,56022,mairie-de-brandivy@wanadoo.fr
BRECH,56023,accueil@brech.fr
BREHAN,56024,brehan.mairie@wanadoo.fr
BRIGNAC,56025,mairie.brignac@wanadoo.fr
BUBRY,56026,mairie.bubry@wanadoo.fr
BULEON,56027,mairie.buleon@wanadoo.fr
CADEN,56028,mairie.caden@wanadoo.fr
CALAN,56029,mairiecalan@wanadoo.fr
CAMOEL,56030,mairie.camoel@wanadoo.fr
CAMORS,56031,commune.de.camors@wanadoo.fr
CAMPENEAC,56032,mairiecampeneac@wanadoo.fr
CARENTOIR,56033,mairie.carentoir@wanadoo.fr
CARNAC,56034,communication@carnac.fr
CARO,56035,mairie.caro@wanadoo.fr
CAUDAN,56036,mairie-caudan@wanadoo.fr
CLEGUER,56040,commune-cleguer@wanadoo.fr
CLEGUEREC,56041,mairie.cleguerec@wanadoo.fr
COLPO,56042,mairie@colpo.fr
CONCORET,56043,mairie-concoret@wanadoo.fr
COURNON,56044,mairiedecournon@wanadoo.fr
CRACH,56046,info@ville-crach.com
CREDIN,56047,mairie.credin@wanadoo.fr
CROIXANVEC,56049,mairie.croixanvec@orange.fr
CRUGUEL,56051,mairie.cruguel@orange.fr
DAMGAN,56052,mairie.damgan@wanadoo.fr
ELVEN,56053,elven@mairie-elven.fr
ERDEVEN,56054,mairieerdeven@wanadoo.fr
ETEL,56055,mairie-etel@fr.oleane.com
EVRIGUET,56056,mairie.evriguet@wanadoo.fr
FEREL,56058,mairie-de-ferel@wanadoo.fr
GAVRES,56062,mairie.gavres@orange.fr
GESTEL,56063,mairie.gestel@wanadoo.fr
GLENAC,56064,mairie.glenac@wanadoo.fr
GOURHEL,56065,mairie-gourhel@wanadoo.fr
GOURIN,56066,mairie@villedegourin.fr
GRAND-CHAMP,56067,mairie@grandchamp.fr
GROIX,56069,sg@groix.fr
GUEGON,56070,mairieguegon@wanadoo.fr
GUEHENNO,56071,mairieguehenno@wanadoo.fr
GUELTAS,56072,mairie-gueltas@wanadoo.fr
GUEMENE-SUR-SCORFF,56073,mairieguemene.surscorff@wanadoo.fr
GUENIN,56074,commune-de-guenin@wanadoo.fr
GUER,56075,mairie-guer@fr.oleane.com
GUERN,56076,guern@wanadoo.fr
GUIDEL,56078,maire@mairie-guidel.fr
GUILLAC,56079,mairieguillac@orange.fr
GUILLIERS,56080,mairieguilliers2@orange.fr
GUISCRIFF,56081,mairie.guiscriff@wanadoo.fr
HELLEAN,56082,mairie.hellean@laposte.net
HENNEBONT,56083,cabinetmaire@mairie-hennebont.fr
ILE-AUX-MOINES,56087,mairie@ileauxmoines.fr
ILE-D'ARZ,56088,secretariat@mairie-iledarz.fr
ILE-D'HOEDIC,56085,mairie-dhoedic@wanadoo.fr
ILE-D'HOUAT,56086,mairie-houat@wanadoo.fr
INGUINIEL,56089,mairie.inguiniel@wanadoo.fr
INZINZAC-LOCHRIST,56090,mairie.inzinzac@wanadoo.fr
JOSSELIN,56091,mairie@josselin.com
KERFOURN,56092,mairie.kerfourn@orange.fr
KERGRIST,56093,mairie-kergrist@wanadoo.fr
KERNASCLEDEN,56264,mairie.kernascleden@wanadoo.fr
KERVIGNAC,56094,mairie@kervignac.com
LA-CHAPELLE-CARO,56037,mairie.la-chapelle-caro@wanadoo.fr
LA-CHAPELLE-GACELINE,56038,mairie-la-chapelle-gaceline@wanadoo.fr
LA-CHAPELLE-NEUVE,56039,mairie.la.chapelle.neuve@wanadoo.fr
LA-CROIX-HELLEAN,56050,croixhellean.mairie@orange.fr
LA-GACILLY,56061,mairie.lagacilly@wanadoo.fr
LA-GREE-SAINT-LAURENT,56068,mairielagreestlaurent@wanadoo.fr
LANDAUL,56096,cyber-landaul@wanadoo.fr
LANDEVANT,56097,commune.landevant@wanadoo.fr
LANESTER,56098,communication@ville-lanester.fr
LANGOELAN,56099,langoelan.Mairie@wanadoo.fr
LANGONNET,56100,mairie.langonnet@wanadoo.fr
LANGUIDIC,56101,mairie@languidic.fr
LANOUEE,56102,mairie.lanouee@wanadoo.fr
LANTILLAC,56103,commune-de-lantillac@wanadoo.fr
LANVAUDAN,56104,mairie.lanvaudan@wanadoo.fr
LANVENEGEN,56105,mairie.lanvenegen@wanadoo.fr
LARMOR-BADEN,56106,mairie.larmorbaden@wanadoo.fr
LARMOR-PLAGE,56107,mairie@larmor-plage.com
LA-ROCHE-BERNARD,56195,mairie-lrb@wanadoo.fr
LARRE,56108,mairielarre@wanadoo.fr
LA-TRINITE-PORHOET,56257,mairie.trinite.porh@wanadoo.fr
LA-TRINITE-SUR-MER,56258,accueil@latrinitesurmer.fr
LA-TRINITE-SURZUR,56259,trinite-surzur@wanadoo.fr
LAUZACH,56109,mairie.lauzach@wanadoo.fr
LA-VRAIE-CROIX,56261,lavraie-croix.mairie@wanadoo.fr
LE-BONO,56262,accueil@lebono.fr
LE-COURS,56045,mairie.lecours@wanadoo.fr
LE-CROISTY,56048,mairie-le-croisty@wanadoo.fr
LE-FAOUET,56057,droual-marc@ville-le-faouet.fr
LE-GUERNO,56077,mairie.leguerno@wanadoo.fr
LE-HEZO,56084,mairie.hezo@wanadoo.fr
LE-PALAIS,56152,mairie.palais@wanadoo.fr
LE-ROC-SAINT-ANDRE,56197,mairie.roc@wanadoo.fr
LE-SAINT,56201,mairie.le.saint@wanadoo.fr
LES-FORGES,56059,mairiedesforges@wanadoo.fr
LES-FOUGERETS,56060,mairie.fougerets@wanadoo.fr
LE-SOURN,56246,mairie.lesourn@wanadoo.fr
LE-TOUR-DU-PARC,56252,mairie.letourduparc@wanadoo.fr
LIGNOL,56110,mairie.lignol@wanadoo.fr
LIMERZEL,56111,mairie.limerzel@wanadoo.fr
LIZIO,56112,mairie-lizio@orange.fr
LOCMALO,56113,mairie.locmalo@wanadoo.fr
LOCMARIA-BELLE-ILE,56114,locmaria-belle-ile@wanadoo.fr
LOCMARIA-GRAND-CHAMP,56115,mairie.locmaria.gd.ch@wanadoo.fr
LOCMARIAQUER,56116,accueil@locmariaquer.fr
LOCMINE,56117,locmine.ville@wanadoo.fr
LOCMIQUELIC,56118,mairie-de-locmiquelic@megalis.org
LOCOAL-MENDON,56119,mairie.locoalmendon@wanadoo.fr
LOCQUELTAS,56120,mairie.locqueltas@wanadoo.fr
LORIENT,56121,contact@mairie-lorient.fr
LOYAT,56122,loyat@wanadoo.fr
MALANSAC,56123,mairie.malansac@wanadoo.fr
MALESTROIT,56124,mairie@malestroit.fr
MALGUENAC,56125,mairie.malguenac@wanadoo.fr
MARZAN,56126,mairie-de-marzan@wanadoo.fr
MAURON,56127,mairie-mauron@wanadoo.fr
MELRAND,56128,commune-de-melrand@wanadoo.fr
MENEAC,56129,mairie.meneac@wanadoo.fr
MERLEVENEZ,56130,mairiemerlevenez@wanadoo.fr
MESLAN,56131,mairie.meslan@wanadoo.fr
MEUCON,56132,mairie.meucon@wanadoo.fr
MISSIRIAC,56133,mairie.missiriac@wanadoo.fr
MOHON,56134,mairie.mohon@wanadoo.fr
MOLAC,56135,commune.molac@wanadoo.fr
MONTENEUF,56136,mairiemonteneuf@wanadoo.fr
MONTERBLANC,56137,mairie@mairie-monterblanc.fr
MONTERREIN,56138,mairie.monterrein@orange.fr
MONTERTELOT,56139,mairie.montertelot@ploermel.com
MOREAC,56140,mairie.moreac@wanadoo.fr
MOUSTOIR-AC,56141,commune.de.moustoir@wanadoo.fr
MOUSTOIR-REMUNGOL,56142,mairiemrgol@wanadoo.fr
MUZILLAC,56143,mairie.muzillac@wanadoo.fr
NAIZIN,56144,mairie-de-naizin@wanadoo.fr
NEANT-SUR-YVEL,56145,mairie-neant-sur-yvel@wanadoo.fr
NEULLIAC,56146,mairie.neulliac.secretariat@wanadoo.fr
NIVILLAC,56147,mairie-nivillac@wanadoo.fr
NOSTANG,56148,mairie.nostang@wanadoo.fr
NOYAL-MUZILLAC,56149,mairienoyalmuzillac@wanadoo.fr
NOYALO,56150,mairie.noyalo@wanadoo.fr
NOYAL-PONTIVY,56151,mairie@noyal-pontivy.fr
PEAULE,56153,mairiepeaule@wanadoo.fr
PEILLAC,56154,mairie.de.peillac@wanadoo.fr
PENESTIN,56155,mairie.penestin@wanadoo.fr
PERSQUEN,56156,mairie.persquen@wanadoo.fr
PLAUDREN,56157,mairie.plaudren@wanadoo.fr
PLESCOP,56158,accueil@mairie-plescop.fr
PLEUCADEUC,56159,accueil@pleucadeuc.fr
PLEUGRIFFET,56160,mairie.pleugriffet@wanadoo.fr
PLOEMEL,56161,mairie.ploemel@wanadoo.fr
PLOEMEUR,56162,mairie@ploemeur.net
PLOERDUT,56163,ploerdut.mairie@wanadoo.fr
PLOEREN,56164,contact@ploeren.fr
PLOERMEL,56165,mairie@ploermel.com
PLOUAY,56166,mairie.de.plouay@wanadoo.fr
PLOUGOUMELEN,56167,mairie.plougoumelen@wanadoo.fr
PLOUHARNEL,56168,mairie@plouharnel.fr
PLOUHINEC,56169,mairie.plouhinec56@wanadoo.fr
PLOURAY,56170,mairie-de-plouray@wanadoo.fr
PLUHERLIN,56171,pluherlin@wanadoo.fr
PLUMELEC,56172,mairie.de.plumelec@wanadoo.fr
PLUMELIAU,56173,mairie-de-plumeliau@wanadoo.fr
PLUMELIN,56174,mairie.plumelin@wanadoo.fr
PLUMERGAT,56175,mairie.plumergat@wanadoo.fr
PLUNERET,56176,mairie.pluneret@wanadoo.fr
PLUVIGNER,56177,mairie@pluvigner.fr
PONTIVY,56178,secretariat.general@ville-pontivy.fr
PONT-SCORFF,56179,mairie.pontscorff@wanadoo.fr
PORCARO,56180,mairie.porcaro@wanadoo.fr
PORT-LOUIS,56181,mairie.ville-portlouis@wanadoo.fr
PRIZIAC,56182,mairie.priziac@wanadoo.fr
QUELNEUC,56183,quelneuc@wanadoo.fr
QUESTEMBERT,56184,secretariat.maire@mairie-questembert.fr
QUEVEN,56185,contact@queven.com
QUIBERON,56186,quiberon@ville-quiberon.fr
QUILY,56187,mairie-quily@wanadoo.fr
QUISTINIC,56188,mairie.quistinic@wanadoo.fr
RADENAC,56189,cyber.radenac@wanadoo.fr
REGUINY,56190,mairie.reguiny@wanadoo.fr
REMINIAC,56191,mairie.reminiac@wanadoo.fr
REMUNGOL,56192,mairie-remungol@orange.fr
RIANTEC,56193,secretariatgeneral-mairie@riantec.com
RIEUX,56194,mairiederieux@wanadoo.fr
ROCHEFORT-EN-TERRE,56196,mairie.rochefort-en-terre@wanadoo.fr
ROHAN,56198,mairie.rohan@wanadoo.fr
ROUDOUALLEC,56199,mairie.roudouallec@wanadoo.fr
RUFFIAC,56200,mairie-ruffiac@wanadoo.fr
SAINT-ABRAHAM,56202,mairie-saint-abraham@wanadoo.fr
SAINT-AIGNAN,56203,mairie@saint-aignan56.fr
SAINT-ALLOUESTRE,56204,mairie.stallouestre@wanadoo.fr
SAINT-ARMEL,56205,mairie.saint.armel@wanadoo.fr
SAINT-AVE,56206,mairie@saint-ave.fr
SAINT-BARTHELEMY,56207,commune-stbarthelemy@orange.fr
SAINT-BRIEUC-DE-MAURON,56208,mairie.saint.brieuc.de.mauron@orange.fr
SAINT-CARADEC-TREGOMEL,56210,mairie-de-st-caradec-tregomel@wanadoo.fr
SAINT-CONGARD,56211,mairie-st-congard@wanadoo.fr
SAINT-DOLAY,56212,mairie.saint-dolay@wanadoo.fr
SAINTE-ANNE-D'AURAY,56263,contact@sainte-anne-auray.com
SAINTE-BRIGITTE,56209,commune.sainte-brigitte@wanadoo.fr
SAINTE-HELENE,56220,saint.helene.sur.mer@wanadoo.fr
SAINT-GERAND,56213,mairie.st-gerand@wanadoo.fr
SAINT-GILDAS-DE-RHUYS,56214,contact@saint-gildas-de-rhuys.fr
SAINT-GONNERY,56215,mairie.st.gonnery@wanadoo.fr
SAINT-GORGON,56216,mairie-st.gorgon@wanadoo.fr
SAINT-GRAVE,56218,mairie-st-grave@wanadoo.fr
SAINT-GUYOMARD,56219,mairie.st-guyomard@wanadoo.fr
SAINT-JACUT-LES-PINS,56221,mairie.stjacutlespins@wanadoo.fr
SAINT-JEAN-BREVELAY,56222,mairie.stjeanbrevelay@wanadoo.fr
SAINT-JEAN-LA-POTERIE,56223,mairiestjeanpot@wanadoo.fr
SAINT-LAURENT-SUR-OUST,56224,st.laurent.mairie@wanadoo.fr
SAINT-LERY,56225,mairie.st.lery@wanadoo.fr
SAINT-MALO-DE-BEIGNON,56226,mairie.stmalodebeignon@wanadoo.fr
SAINT-MALO-DES-TROIS-FONTAINES,56227,mairie.st-malo-des-trois-fontaines@wanadoo.fr
SAINT-MARCEL,56228,saintmarcel.mairie@wanadoo.fr
SAINT-MARTIN,56229,st-martin-oust@wanadoo.fr
SAINT-NICOLAS-DU-TERTRE,56230,mairie.st-nicolas-tertre@wanadoo.fr
SAINT-NOLFF,56231,mairie.st-nolff@pays-de-vannes.net
SAINT-PERREUX,56232,mairie-st-perreux@wanadoo.fr
SAINT-PHILIBERT,56233,mairie.saintphilibert@wanadoo.fr
SAINT-PIERRE-QUIBERON,56234,mairie@saintpierrequiberon.net
SAINT-SERVANT,56236,mairie.st-servant-sur-oust@wanadoo.fr
SAINT-THURIAU,56237,mairie.saint.thuriau@wanadoo.fr
SAINT-TUGDUAL,56238,mairie.st-tugdual@wanadoo.fr
SAINT-VINCENT-SUR-OUST,56239,mairie.st.vincent.sur.oust@wanadoo.fr
SARZEAU,56240,mairie@sarzeau.fr
SAUZON,56241,mairiedesauzon@wanadoo.fr
SEGLIEN,56242,mairie.seglien@wanadoo.fr
SENE,56243,contact@sene.com
SERENT,56244,mairie@serent.fr
SILFIAC,56245,serge.moelo@wanadoo.fr
SULNIAC,56247,accueil@mairie-sulniac.fr
SURZUR,56248,mairie@surzur.fr
TAUPONT,56249,mairie.taupont@wanadoo.fr
THEHILLAC,56250,mairie.thehillac@wanadoo.fr
THEIX,56251,secretariat@theix.fr
TREAL,56253,mairie.treal@wanadoo.fr
TREDION,56254,mairie.tredion@wanadoo.fr
TREFFLEAN,56255,mairie@trefflean.com
TREHORENTEUC,56256,mairie.trehorenteuc@wanadoo.fr
VANNES,56260,contact@mairie-vannes.fr
